age,gender,education,MCQ_feelings,MCQ_cat,MCQ_cat_TOM,MCQ_cat_GD,MCQ_cat_RND,metaD,metaR,metaP,BCIS,IQ,AQ10,AQ10_AD,AQ10_AS,AQ10_C,AQ10_S,AQ10_I,RAADS,RAADS_MENTA,RAADS_SOA,RAADS_SOR
23,1,4,7,11,4,3,3,0.29748515515813,0.222098321792204,1.33942999999999,19,14,4,2,0,1,1,0,22,7,6,9
23,1,2,5,10,4,2,2,1.04063464658,0.948575403655256,1.09705000000017,NaN,6,9,1,2,2,2,2,32,16,7,9
23,0,3,0,5,0,1,1,0.803651237467667,0.541865282288468,1.4831200000003,15,5,6,2,0,2,1,1,31,18,6,7
18,1,2,7,10,4,2,2,1.09155437555767,1.04388035953758,1.04567000000005,24,9,8,1,1,2,2,2,22,10,7,5
25,0,4,2,7,1,3,3,0.845181169621331,0.475475328188429,1.77755000000017,16,7,5,1,2,1,1,0,30,16,11,3
21,0,3,0,4,1,1,1,0.669309073902333,0.509553774516055,1.31351999999981,18,3,10,2,2,2,2,2,23,10,7,6
20,0,2,7,12,4,4,4,0.440004997200342,0.27701668830332,1.58836999999984,24,4,8,2,1,1,2,2,28,17,8,3
38,1,2,7,12,4,4,4,1.332258584448,0.803902020496731,1.65724000000012,19,2,7,0,1,2,2,2,22,11,6,5
55,1,2,2,6,1,2,2,0.391523402668597,0.243505903914891,1.60786000000007,17,10,9,1,2,2,2,2,17,7,5,5
20,1,2,7,10,4,2,2,1.31293946726667,1.30957386244021,1.00256999999999,26,4,6,0,2,1,1,2,32,15,10,7
21,0,2,5,10,4,3,3,0.98721681068933,0.83813020909544,1.17787999999987,19,11,8,1,2,2,1,2,17,10,4,3
26,0,3,5,9,4,2,2,0.507980762695593,0.302800271037722,1.67761000000024,20,11,6,0,1,2,1,2,36,18,10,8
19,0,2,1,9,2,3,3,0.911831362628232,0.659361748953819,1.38290000000011,29,2,7,1,1,2,2,1,37,20,7,10
28,0,5,5,8,3,2,2,1.56561915353333,0.790968415977474,1.9793699999998,27,15,5,1,2,0,1,1,23,13,4,6
20,1,3,3,8,3,2,2,0.828026141910634,0.717359146396107,1.15427000000026,29,8,7,0,2,2,1,2,18,10,4,4
20,1,3,4,7,3,0,0,0.218206662741403,0.159595291820371,1.36724999999977,22,4,4,0,0,1,2,1,49,25,16,8
35,0,4,2,6,1,1,1,1.14859512051777,0.818968492123128,1.40249000000027,18,5,2,1,0,0,1,0,46,23,16,7
21,1,4,8,11,4,3,3,0.48675453631895,0.720509401422428,0.67557000000011,17,6,6,0,0,2,2,2,26,8,10,8
51,1,3,6,7,3,1,1,1.70354717013333,1.17332266005464,1.45190000000002,21,1,6,0,2,2,1,1,26,16,7,3
29,1,4,5,9,3,2,2,1.35240426748,0.861513738998603,1.56979999999975,26,9,7,1,0,2,2,2,18,11,4,3
19,0,2,2,6,1,1,1,0.350431470282071,0.281475582163626,1.24497999999994,25,5,9,1,2,2,2,2,23,12,8,3
18,1,3,4,10,4,3,3,1.0898303670918,0.678700657066935,1.60576000000026,22,9,6,0,2,2,2,0,21,11,4,6
29,0,4,6,10,4,3,3,0.711739572053527,0.641409067772293,1.10965000000019,15,10,7,1,0,2,2,2,20,7,7,6
24,0,4,3,8,2,2,2,1.37820841956333,1.29495571654655,1.06429000000012,22,7,7,0,2,2,1,2,19,11,5,3
19,1,2,4,10,4,3,3,1.23927348034667,0.95368343800246,1.29946000000015,15,5,7,0,1,2,2,2,22,10,6,6
25,1,4,1,7,1,2,2,1.004374487828,0.593777409298257,1.69150000000038,22,6,7,0,2,2,1,2,20,13,4,3
20,1,3,1,7,1,2,2,1.60315107093233,1.00471354319756,1.59562999999983,9,1,7,1,2,2,1,1,41,20,11,10
23,1,2,3,11,4,3,3,0.833646231810934,0.541363875453558,1.53989999999985,17,5,7,0,2,2,1,2,20,7,7,6
29,1,5,5,11,4,3,3,1.62076572046667,0.800528356168898,2.02462000000012,25,9,7,0,1,2,2,2,44,19,15,10
20,0,3,4,12,4,4,4,1.50106466701667,0.969122834427668,1.54889000000003,20,7,7,2,2,1,1,1,25,13,6,6
24,1,5,0,5,1,1,1,0.387281555144411,0.307823162268141,1.25813000000013,12,8,5,0,1,0,2,2,27,14,10,3
22,1,2,8,11,4,3,3,0.44294548190296,0.435002339189362,1.01826000000005,23,9,7,0,1,2,2,2,31,13,10,8
24,1,4,3,10,4,3,3,0.0576542936255524,0.0550998639335914,1.04636000000014,14,10,8,2,2,1,2,1,23,16,4,3
20,1,2,5,7,4,2,2,0.185671428778697,0.133150294939723,1.39444999999981,18,4,5,0,1,1,1,2,46,21,16,9
60,1,4,0,5,1,2,2,0.432044637946874,0.291359021045057,1.48286000000007,21,4,8,1,2,2,1,2,25,15,5,5
42,0,3,1,7,3,1,1,1.16273598971067,0.727105357107098,1.59913000000016,13,3,10,2,2,2,2,2,20,10,7,3
20,0,2,7,12,4,4,4,0.897761990316999,0.894969684900108,1.00311999999999,20,11,8,1,2,2,1,2,24,9,6,9
32,1,5,3,11,3,4,4,0.439049802155328,0.270554112174992,1.62277999999978,19,10,6,0,1,2,2,1,19,10,6,3
21,1,2,6,11,4,4,4,1.50986711096666,1.23732215900308,1.22026999999984,27,8,8,1,2,2,2,1,34,17,7,10
20,1,2,1,9,2,3,3,0.220206917181683,0.231678720716691,0.950484000000089,21,2,6,1,0,2,1,2,39,14,13,12
24,0,2,1,8,2,2,2,0.388135782233532,0.250643037553295,1.54855999999972,24,3,3,1,1,0,1,0,30,15,7,8
68,0,1,0,6,1,2,2,1.93908314273333,1.08233131801724,1.79157999999972,17,7,9,2,2,2,1,2,20,13,4,3
33,1,4,3,5,2,3,3,2.0290973909,0.910693238528237,2.22808000000045,16,8,10,2,2,2,2,2,14,7,4,3
19,0,7,6,10,4,3,3,0.144755711517192,0.128280630182814,1.12843000000013,26,10,7,0,2,2,1,2,21,11,7,3
42,0,3,2,8,2,2,2,0.392424018747921,0.191296642153818,2.05139000000026,20,14,8,2,1,2,2,1,28,11,14,3
22,0,3,5,9,4,2,2,0.624836587143743,0.351764963572244,1.77628999999996,20,4,5,1,0,1,2,1,28,17,5,6
29,0,2,5,9,4,2,2,1.48646558895667,0.95171561768937,1.56187999999974,16,NaN,7,0,2,2,1,2,33,19,8,6
59,0,3,7,11,4,3,3,2.30087092723334,1.2786381141299,1.7994700000001,20,13,7,1,1,2,1,2,29,15,11,3
25,0,4,1,8,3,2,2,0.783096901279666,0.842941535599556,0.929004999999964,19,5,6,1,2,2,0,1,32,17,10,5
23,1,3,3,9,3,2,2,1.36947340676667,0.78073600221579,1.75408000000015,19,5,7,0,1,2,2,2,41,16,16,9
18,0,2,5,11,4,3,3,1.47441392396667,1.23555619948268,1.19332000000019,23,5,4,0,0,2,0,2,29,17,5,7
28,0,5,1,2,1,1,1,0.783591311446362,0.603166204649545,1.29912999999988,18,5,7,1,1,2,1,2,19,9,4,6
21,0,3,4,5,2,2,2,0.295534506053167,0.400918281981766,0.73714399999991,27,NaN,7,0,2,2,1,2,19,8,4,7
19,0,3,0,5,0,2,2,1.19584633567666,0.875494238768777,1.3659100000003,14,7,6,0,2,1,1,2,25,13,4,8
23,0,3,0,7,2,1,1,0.544711137978715,0.498513858693579,1.09267,20,4,5,1,1,2,0,1,38,22,7,9
22,0,4,5,9,4,1,1,0.803176610330801,1.0517132876043,0.763683999999801,20,3,8,1,2,2,1,2,38,19,9,10
44,1,5,2,6,1,2,2,0.845132248664668,0.688594142296421,1.22732999999983,18,7,6,1,1,2,2,0,43,22,10,11
21,0,2,7,11,4,3,3,0.235578466761707,0.33931822887595,0.694269999999964,26,2,8,2,1,2,1,2,23,13,5,5
44,0,4,2,7,2,2,2,0.998489245892266,1.11825302681066,0.892901000000048,23,2,9,1,2,2,2,2,37,20,8,9
32,0,4,6,10,4,2,2,1.1780250904557,0.751023289166946,1.5685599999998,16,4,7,0,2,2,1,2,21,10,6,5
2,NaN,NaN,2,8,3,3,3,2.29087304186666,1.21189053861849,1.89032999999991,27,4,7,2,1,2,1,1,35,18,13,4
40,0,2,4,10,3,3,3,-0.250271611650297,-0.184333629162558,1.35771000000019,16,9,6,2,1,1,0,2,35,20,7,8
39,0,3,7,12,4,4,4,1.7064420492,0.677390716355576,2.51914000000027,16,13,5,1,0,1,2,1,31,14,14,3
38,0,3,1,11,3,4,4,0.402501526480631,0.436132582155831,0.922887999999946,16,6,4,0,1,1,1,1,21,13,5,3
26,0,3,3,10,3,3,3,1.096250874673,0.717996145369454,1.52681999999962,15,12,9,2,1,2,2,2,36,14,14,8
19,0,2,4,11,4,3,3,1.95144461103334,0.711253398197793,2.74366999999985,15,13,3,0,1,1,1,0,37,15,13,9
20,1,3,7,10,4,3,3,0.663252716583566,0.490742134161704,1.35152999999992,15,10,5,1,0,1,2,1,21,13,4,4
20,1,3,4,9,3,3,3,1.07339773091833,0.832084814007904,1.29001000000016,31,1,4,0,0,1,2,1,44,22,13,9
18,0,2,2,6,2,1,1,-0.0231999163812783,-0.018442491320295,1.25796000000024,15,NaN,8,1,2,2,1,2,22,15,4,3
21,0,3,1,10,4,3,3,1.05543143234167,0.836429180112744,1.26182999999991,18,7,9,1,2,2,2,2,39,20,10,9
22,1,4,5,10,4,2,2,0.172225406638423,0.149998612271964,1.14818000000011,16,4,4,1,2,0,1,0,45,20,16,9
18,0,2,3,9,3,3,3,1.22561255113666,0.738592224333439,1.65939000000029,15,7,9,2,2,2,2,1,26,9,14,3
28,1,4,6,10,4,2,2,0.477684242106233,0.46285887242254,1.03203000000016,15,11,7,0,1,2,2,2,22,12,5,5
22,0,3,0,7,1,2,2,0.665977078644668,0.651156750992091,1.02275999999987,12,4,7,1,2,1,1,2,18,8,5,5
27,0,4,5,9,4,2,2,1.84247976664834,1.34440470977201,1.37047999999972,11,11,7,1,1,2,1,2,17,7,4,6
23,1,4,5,10,4,3,3,1.63023890886633,1.74746591211463,0.932915999999901,24,7,6,0,1,2,1,2,37,18,13,6
26,0,4,5,10,4,2,2,0.886644096849666,1.19748966038104,0.740418999999937,20,10,7,1,1,1,2,2,26,12,7,7
25,1,4,3,9,4,3,3,0.852330984779137,0.571566224151457,1.49121999999991,10,12,4,1,1,1,1,0,32,15,14,3
23,0,4,7,12,4,4,4,1.89670185653333,1.00506152480372,1.88714999999994,15,9,8,1,1,2,2,2,23,13,4,6
29,1,5,4,10,4,2,2,1.60959194596667,0.938378901507426,1.71529000000009,15,10,5,0,0,2,1,2,22,10,9,3
20,0,3,2,11,4,3,3,0.502700699846133,0.439024575426302,1.14503999999994,23,6,7,1,2,1,1,2,22,10,5,7
30,1,4,1,5,1,1,1,0.830104782916332,0.619263976751689,1.34046999999973,14,3,9,1,2,2,2,2,21,11,5,5
25,1,3,2,6,2,2,2,1.34695511616933,0.680864942713104,1.97830000000005,22,3,7,2,1,2,1,1,21,12,5,4
18,0,2,2,10,4,2,2,1.07975881424333,0.506657851780426,2.13114000000019,14,9,8,1,1,2,2,2,24,15,4,5
21,0,3,5,11,4,3,3,0.736550692195286,0.505938750383145,1.45580999999986,23,13,5,0,1,2,1,1,31,14,7,10
24,1,4,4,9,4,3,3,0.633348018007766,0.482176151111338,1.31351999999981,28,15,8,1,2,2,1,2,35,17,7,11
25,0,4,7,11,4,3,3,0.524943535642888,0.422591801354763,1.24220000000012,14,14,4,0,1,2,1,0,36,18,15,3
28,1,5,6,11,4,3,3,1.3552316504,0.642259442870008,2.1101000000003,21,8,6,0,1,2,1,2,21,11,6,4
61,1,2,3,9,2,3,3,0.659380607171681,0.434142919240512,1.5188099999997,25,8,7,1,1,2,1,2,26,15,6,5
20,0,6,0,5,1,0,0,1.24657837001967,0.692347373810575,1.8005099999997,15,9,5,1,1,0,2,1,35,17,10,8
25,0,5,6,11,4,3,3,0.541211373200304,0.458168358264807,1.18124999999978,13,14,7,1,2,2,0,2,23,8,10,5
22,0,4,5,11,4,3,3,1.24124284758333,1.21951115873468,1.01781999999985,NaN,5,8,2,1,2,1,2,20,8,7,5
19,0,2,1,5,2,1,1,0.523531856256367,0.451137777156127,1.16047000000011,28,8,6,1,1,2,1,1,28,13,7,8
34,0,3,6,12,4,4,4,0.723573159317126,0.58349850758603,1.24006000000008,19,14,8,1,2,2,1,2,18,9,6,3
43,0,3,2,8,2,2,2,0.27150530085924,0.331305232762383,0.81950200000011,16,6,5,1,1,1,2,0,17,7,7,3
19,1,2,6,11,4,4,4,1.8108636697,1.14600019599281,1.58015999999988,20,8,7,1,2,2,1,1,27,11,10,6
67,1,7,0,2,0,0,0,1.5298743673925,0.920718079087452,1.66160999999964,7,3,6,2,2,1,1,0,15,7,4,4
27,0,4,4,7,2,2,2,0.810764385283533,0.5113845362353,1.58542999999964,22,5,5,1,1,1,1,1,46,18,16,12
35,1,4,0,6,1,1,1,0.766044162385812,0.624343224217425,1.22695999999996,18,4,9,1,2,2,2,2,21,10,5,6
26,0,2,4,9,2,3,3,0.930749218368664,0.684439849668483,1.35987000000013,22,14,3,1,0,1,1,0,32,19,10,3
18,0,1,0,5,0,1,1,0.411667023282137,0.487344279765529,0.844715000000099,33,5,3,2,1,0,0,0,42,24,12,6
20,0,3,2,7,1,3,3,-0.0305626826984932,-0.0204938495004347,1.49130999999983,15,3,5,2,0,1,1,1,43,22,11,10
35,1,3,6,12,4,4,4,1.211541536725,0.801856840021315,1.51092000000023,20,2,3,0,1,0,1,1,50,25,13,12
46,1,2,2,7,1,2,2,1.61082677666667,1.09620321524007,1.46946000000016,22,4,5,1,1,1,0,2,30,14,10,6
36,0,2,5,10,4,2,2,1.16510430872834,0.625935762030505,1.86137999999999,15,6,6,0,1,2,2,1,35,23,7,5
39,0,5,1,6,2,1,1,0.113660713176841,0.120805385272634,0.940857999999944,12,1,6,1,2,2,0,1,48,26,11,11
21,1,4,7,11,4,3,3,1.42235542289333,0.615240226696714,2.31187000000032,14,11,8,1,1,2,2,2,23,14,6,3
65,1,4,4,10,3,3,3,1.16115804159333,0.792989074216213,1.46428000000012,13,NaN,9,2,2,2,1,2,20,10,4,6
34,0,3,7,10,4,3,3,1.263872676202,0.791979569506965,1.59583999999995,17,10,9,2,2,1,2,2,14,7,4,3
21,1,2,4,11,4,3,3,1.51284261443333,0.799384211673036,1.89251,21,6,5,1,1,1,1,1,52,28,12,12
21,0,2,5,11,4,3,3,1.27251667398134,0.72042158914221,1.76635000000003,23,4,7,1,1,2,1,2,28,15,7,6
59,1,4,1,7,1,3,3,0.54011065726611,0.394705206312607,1.36838999999976,15,5,8,0,2,2,2,2,18,9,6,3
24,0,4,0,5,1,2,2,0.845277777618298,0.484830524315751,1.74345000000005,20,7,8,1,2,2,1,2,24,10,8,6
20,1,2,4,9,3,4,4,0.094777981819175,0.0998542735222244,0.949163000000052,21,6,5,1,2,1,0,1,38,17,12,9
30,1,4,3,3,2,0,0,0.6352372342335,1.05008304002628,0.604940000000107,19,5,7,1,2,2,1,1,45,22,15,8
19,1,3,6,9,4,3,3,1.17027268673,0.884292494128766,1.32339999999984,18,6,6,0,1,2,1,2,28,15,10,3
67,1,5,6,9,4,3,3,0.347337381875838,0.369918304965869,0.938957000000142,17,NaN,6,1,2,2,0,1,24,12,6,6
32,1,3,5,11,4,3,3,1.22118256926167,0.706870593868725,1.72759000000022,15,8,5,0,1,2,1,1,37,19,13,5
30,1,4,5,10,3,3,3,1.2719219213,1.18914550284682,1.06960999999994,17,6,8,1,2,2,2,1,29,13,11,5
34,0,3,4,11,4,3,3,0.775321246818902,0.868079927468555,0.893145000000004,15,5,3,0,0,1,1,1,44,22,16,6
23,0,5,8,9,4,2,2,1.33979717557001,0.665327785895896,2.01373999999991,17,7,5,0,0,2,2,1,26,15,7,4
32,0,4,1,9,3,3,3,1.59304283216667,1.62044619781795,0.983088999999988,22,4,8,1,2,2,1,2,33,16,7,10
45,1,4,3,8,2,2,2,1.8997074853,1.71619477771855,1.10692999999993,25,7,9,1,2,2,2,2,17,7,4,6
34,0,2,0,3,2,1,1,0.0713208052165185,0.107672735971554,0.662384999999896,21,5,2,0,1,1,0,0,33,17,9,7
36,1,4,6,11,4,3,3,0.836163875827464,0.584975427331378,1.42940000000038,15,9,9,1,2,2,2,2,18,10,5,3
20,0,2,4,11,4,3,3,1.197809250779,1.0420988418324,1.14941999999986,22,11,6,0,2,2,1,1,36,19,8,9
32,0,5,2,9,3,2,2,0.890880314926668,0.807044529230233,1.10388000000003,20,6,5,0,1,2,0,2,30,10,12,8
24,0,3,7,11,4,3,3,0.992823622024665,0.825152611390183,1.20319999999993,22,10,7,0,2,2,1,2,36,17,10,9
25,0,2,0,9,2,3,3,0.976811104831764,0.622878872117284,1.56821999999967,20,NaN,8,0,2,2,2,2,38,18,9,11
28,1,3,6,11,4,3,3,0.522111504549692,0.345236492398943,1.51232999999969,15,11,10,2,2,2,2,2,14,7,4,3
19,0,2,2,7,2,3,3,0.00428868136828332,0.0031788024817725,1.34915000000001,20,6,6,2,1,1,1,1,36,18,13,5
20,0,2,7,11,4,4,4,0.312487982477987,0.426738164529235,0.732270999999906,25,10,3,1,0,0,0,2,41,25,10,6
48,1,4,7,11,4,3,3,1.31948390871067,0.663584106330994,1.98842000000007,16,11,9,1,2,2,2,2,18,9,4,5
46,0,5,6,12,4,4,4,1.31591996833333,1.03382930434874,1.27285999999971,16,12,8,1,2,2,1,2,17,10,4,3
19,0,3,0,1,0,1,1,0.570786201865766,0.792286542970592,0.72042899999997,23,6,6,1,1,1,1,2,38,19,9,10
18,0,2,6,10,4,2,2,0.970160597371336,0.585481613109801,1.65703000000019,20,9,6,0,1,2,1,2,36,22,9,5
27,0,4,5,12,4,4,4,1.009909610714,0.742651584867669,1.35987000000013,24,13,9,2,1,2,2,2,25,15,7,3
19,0,3,5,6,4,0,0,0.540392922125237,0.32476707220527,1.66394000000023,22,11,6,0,1,2,2,1,40,21,9,10
20,0,2,2,11,4,3,3,0.996003672759003,1.0296686905981,0.967305000000088,23,10,3,0,1,0,1,1,24,12,9,3
22,0,5,4,11,4,4,4,1.80184948683333,1.35092442350994,1.33379000000014,29,9,9,1,2,2,2,2,39,18,15,6
22,0,4,4,11,3,4,4,0.623780808979346,0.417289348010049,1.49483999999978,16,11,4,0,0,2,1,1,43,23,15,5
19,0,2,5,11,4,3,3,0.940765922040433,0.565918491094302,1.66236999999998,16,6,9,2,2,2,1,2,14,7,4,3
37,0,3,6,12,4,4,4,1.05811632392123,0.722130613416798,1.46527000000019,22,8,6,0,2,1,1,2,17,10,4,3
53,0,5,3,9,2,4,4,0.659690447605003,0.463767309875146,1.42245999999981,13,6,4,1,1,1,1,0,29,19,7,3
57,1,2,5,9,3,2,2,1.40674613313,1.34417479635947,1.04654999999983,13,6,8,2,2,1,1,2,21,10,7,4
31,0,3,7,11,4,3,3,1.33371685795667,0.708030396536959,1.8837,12,9,5,1,2,0,2,0,17,9,5,3
31,1,4,6,11,4,3,3,0.670126492879623,0.570723568886641,1.17417000000011,18,6,8,1,2,2,1,2,26,8,7,11
20,0,2,4,12,4,4,4,0.673939865666835,0.466455703979647,1.44481000000036,14,4,6,0,2,2,1,1,33,18,9,6
30,1,2,3,7,2,2,2,-0.20169134447141,-0.319256141585822,0.631754000000001,14,9,8,1,2,2,2,1,31,16,7,8
65,1,2,0,5,0,3,3,0.316029363192732,0.357052156623699,0.885107000000052,14,6,4,1,1,0,2,0,44,22,13,9
19,0,3,3,9,3,3,3,1.3857620753,1.20995553592946,1.1453000000001,24,3,5,1,1,2,1,0,32,18,8,6
41,0,7,0,5,1,1,1,0.5741369741917,0.379113438934842,1.51441999999989,23,3,7,0,2,2,1,2,39,23,11,5
20,1,2,1,12,4,4,4,0.513414398310932,0.428724216569748,1.1975399999998,29,7,5,0,2,1,2,0,32,18,5,9
19,0,2,2,10,3,4,4,0.6771540324471,0.804568759472148,0.84163600000007,27,4,7,1,2,2,0,2,36,18,13,5
41,0,4,5,11,4,3,3,-0.10604148101691,-0.0913245325900272,1.16114999999992,14,5,6,2,2,1,1,0,22,12,6,4
20,0,2,4,8,4,2,2,0.67658167322012,0.658448014890046,1.02753999999986,27,4,4,1,1,1,0,1,32,19,6,7
29,0,3,1,6,1,1,1,1.42277366823333,0.949813857761155,1.49795000000036,10,7,7,0,2,2,2,1,25,10,12,3
29,0,2,6,11,4,3,3,0.453404799143139,0.501309426643794,0.904440999999931,17,10,10,2,2,2,2,2,18,11,4,3
28,0,2,4,11,3,4,4,1.23392064278434,0.91157093038248,1.35361999999989,23,10,6,1,1,2,1,1,25,18,4,3
24,1,4,6,11,4,3,3,-0.0147408445808433,-0.0146529270187309,1.00599999999999,22,7,8,0,2,2,2,2,29,13,10,6
20,0,2,4,10,4,2,2,1.31571903686667,1.11393052268269,1.1811500000002,19,6,8,1,1,2,2,2,26,13,7,6
40,0,4,5,11,4,3,3,0.934452299583331,0.529305777959668,1.76542999999979,12,7,8,1,2,2,1,2,21,12,6,3
19,0,2,3,6,3,2,2,1.1880077697,1.04648159834044,1.13523999999977,17,8,6,1,2,2,1,0,41,21,14,6
23,0,3,6,9,3,3,3,0.884318222232564,0.736987125894914,1.19990999999987,11,8,9,1,2,2,2,2,23,12,6,5
33,0,4,3,8,3,2,2,1.86316497596667,1.09941344786756,1.69469000000018,21,5,9,1,2,2,2,2,14,7,4,3
27,1,4,1,9,3,2,2,0.879902072351266,0.572759689081376,1.53624999999968,19,4,10,2,2,2,2,2,17,10,4,3
34,1,5,4,10,3,3,3,0.693143116121126,0.585108654208134,1.18463999999996,17,10,7,1,0,2,2,2,19,7,9,3
22,1,2,4,10,3,3,3,1.16433105783333,0.649781825698897,1.79188000000034,17,6,7,1,1,1,2,2,30,13,11,6
25,1,5,3,10,3,3,3,1.90432441513534,1.24891749310413,1.52477999999983,26,4,7,0,2,2,1,2,30,20,7,3
39,0,5,5,11,4,3,3,0.689041580422398,0.838700057357294,0.82155899999998,20,4,7,0,1,2,2,2,32,20,4,8
27,0,5,0,6,1,1,1,1.70426808626667,1.0331339445485,1.64961000000029,20,5,8,2,1,2,1,2,19,9,7,3
18,1,2,3,10,3,3,3,1.4476718258,0.99147455400926,1.46011999999983,18,7,10,2,2,2,2,2,22,10,5,7
31,1,4,6,11,4,4,4,0.794585547204533,0.513178813198828,1.54836000000023,23,2,7,0,2,2,1,2,22,12,4,6
53,1,4,3,6,2,1,1,1.4580886996,1.27939552642431,1.13966999999999,14,7,8,1,2,2,2,1,14,7,4,3
19,1,3,2,7,2,1,1,1.9104881823,1.04290551414113,1.83188999999998,17,6,5,1,0,2,2,0,34,14,11,9
24,0,4,4,10,3,3,3,0.574988912382437,0.469413191485446,1.22491000000022,20,9,10,2,2,2,2,2,21,13,5,3
44,0,5,0,5,0,2,2,0.866998858770832,0.727744876628053,1.19134999999977,22,10,2,0,0,2,0,0,47,25,13,9
3,NaN,NaN,2,8,1,3,3,0.764757823922883,0.503494518350703,1.51889999999961,30,6,6,0,1,2,1,2,40,18,13,9
28,1,5,4,8,3,3,3,0.216608565485837,0.158957763734579,1.36268000000015,14,9,7,0,2,2,2,1,20,13,4,3
25,0,4,3,10,3,3,3,1.24395882408666,1.20807888131172,1.02969999999986,24,7,4,1,0,1,1,1,35,19,7,9
48,1,4,3,7,2,2,2,1.4901689416,1.25016270541452,1.19197999999975,25,10,9,1,2,2,2,2,26,14,6,6
59,1,3,2,6,2,1,1,1.332359409142,0.585588137190202,2.27524999999983,14,NaN,7,0,2,2,2,1,20,13,4,3
20,0,2,5,8,3,1,1,0.827073726293068,0.417393579824109,1.98151999999998,16,0,6,0,1,2,1,2,38,25,7,6
21,0,4,2,8,2,3,3,1.49545471343333,1.26013677253092,1.18673999999981,19,9,7,1,1,2,1,2,27,11,10,6
35,0,6,0,5,0,2,2,1.34846171493333,1.00602942071154,1.34037999999977,17,3,8,1,2,2,1,2,17,10,4,3
25,1,4,0,10,3,3,3,0.532788122758246,0.435957583816717,1.22211000000012,19,7,7,1,1,2,2,1,30,9,13,8
40,0,6,1,8,1,3,3,0.978805675272995,0.855756454657764,1.14379000000007,17,3,6,1,0,2,1,2,30,10,14,6
22,0,4,5,10,3,3,3,0.998774061263134,0.840506657631189,1.18829999999984,13,11,3,0,1,0,1,1,20,10,7,3
24,0,4,6,11,4,4,4,0.902743065436699,0.61110942543203,1.47722000000026,18,13,9,1,2,2,2,2,30,14,7,9
29,0,3,4,7,2,2,2,1.99571650054033,1.15255405561478,1.73156000000015,18,6,7,1,1,2,1,2,18,9,4,5
51,1,5,4,10,3,3,3,0.851205638158333,0.832670395162035,1.02225999999987,16,11,8,0,2,2,2,2,17,8,6,3
18,0,2,0,4,1,1,1,1.0256819030036,0.646086627026638,1.58753000000026,16,8,3,1,0,1,1,0,24,13,8,3
47,0,4,0,6,1,1,1,2.09898480563334,1.05464434041962,1.99022999999973,18,7,10,2,2,2,2,2,17,10,4,3
25,1,5,0,4,0,2,2,1.48431815793334,0.840954402128749,1.76504000000007,23,2,5,2,1,1,0,1,41,22,12,7
25,0,4,6,12,4,4,4,0.525719240914624,0.337189722994142,1.5591199999999,13,9,4,0,1,1,1,1,39,22,11,6
50,1,2,6,10,4,2,2,2.03677545296667,1.10900448277052,1.83657999999962,27,14,6,0,1,2,1,2,36,11,13,12
32,1,5,5,12,4,4,4,0.794376040334666,0.66259293207439,1.19888999999979,14,9,8,1,1,2,2,2,14,7,4,3
30,0,2,6,11,4,3,3,1.79044199026666,1.38891930762528,1.28909000000018,17,11,7,1,1,2,1,2,29,13,7,9
20,1,2,7,11,4,3,3,0.576566845368099,0.503674999447985,1.14472000000011,19,7,7,1,0,2,2,2,35,15,10,10
45,0,6,1,8,2,2,2,0.341766845145306,0.277811792413739,1.23020999999984,22,10,7,2,1,2,0,2,36,19,10,7
28,0,4,6,10,4,3,3,2.21356980423334,1.31745207639214,1.68018999999957,8,3,8,1,2,2,1,2,16,9,4,3
29,0,3,0,8,2,3,3,1.71325997573,0.868920873622397,1.97171000000013,24,11,9,2,2,2,1,2,25,12,7,6
18,1,2,3,11,4,3,3,1.23522661177,1.00011870629433,1.23508000000024,28,11,7,0,2,2,1,2,24,10,7,7
27,0,5,4,7,2,1,1,1.35906058378,0.752721131069551,1.8055299999999,20,8,9,2,2,2,2,1,20,8,9,3
19,0,3,5,7,4,1,1,1.26264252385967,0.861002212004033,1.46647999999964,15,4,6,1,1,2,1,1,43,22,12,9
27,0,4,5,11,4,3,3,0.537237846604067,0.290097761568569,1.85191999999976,-15,NaN,5,1,2,1,0,1,48,23,16,9
32,0,5,3,8,3,2,2,0.578787755320189,0.67964264615349,0.851606000000123,16,1,8,2,1,2,1,2,21,8,4,9
26,1,5,3,11,3,4,4,0.471214780693859,0.430062134996084,1.09569000000009,22,11,7,1,1,2,1,2,29,10,16,3
24,0,5,6,10,4,2,2,1.53918134257233,0.893947741623401,1.72177999999988,12,13,7,2,0,2,1,2,28,18,6,4
66,1,5,6,11,4,3,3,0.715835528219331,0.556611299798864,1.28606000000023,NaN,9,9,1,2,2,2,2,21,10,6,5
29,1,5,3,11,3,4,4,0.29933068436933,0.227596742932018,1.31517999999974,23,7,4,1,1,1,1,0,40,19,12,9
39,0,3,1,7,1,2,2,0.0680402191458777,0.0608245971821581,1.11863000000019,19,3,8,1,2,2,1,2,16,9,4,3
21,1,4,6,10,4,2,2,0.367106875872004,0.291604610199221,1.25892000000018,14,12,7,1,0,2,2,2,28,13,9,6
20,1,3,2,9,3,3,3,0.49137620411909,0.350200055674877,1.40313000000018,19,9,3,1,0,1,1,0,35,15,9,11
19,0,2,4,7,3,1,1,1.14051896977867,0.626913673569841,1.81926000000019,16,8,5,1,1,1,1,1,31,14,11,6
25,1,5,6,10,4,2,2,1.6640866894,1.4392350046271,1.15623000000002,18,12,6,0,1,2,1,2,23,10,10,3
33,1,2,6,10,4,3,3,1.76057943813334,0.913931539017915,1.92638000000042,14,13,6,1,2,1,1,1,35,14,16,5
21,0,3,8,11,4,3,3,0.96710563002657,0.731796473857638,1.32155000000012,17,12,8,0,2,2,2,2,29,11,7,11
22,0,2,5,10,3,3,3,1.2079836255792,0.86018501746684,1.40432999999982,18,14,6,1,1,1,2,1,30,17,7,6
34,1,3,5,10,4,3,3,0.785530670147498,0.815588363703432,0.963146000000048,19,9,5,1,1,1,1,1,28,10,10,8
58,1,4,4,9,2,3,3,0.478026786301162,0.279631227033304,1.70948999999976,29,10,4,1,0,2,1,0,36,19,11,6
21,1,4,5,11,4,3,3,0.5829648894645,0.552039629424159,1.05601999999999,13,3,6,0,0,2,2,2,31,13,8,10
23,0,2,6,9,3,2,2,1.26841847725767,0.726583421982591,1.74573000000011,20,10,6,0,1,2,1,2,17,7,4,6
18,0,3,4,10,4,3,3,1.08079837336267,0.814455225514819,1.32702000000018,29,9,7,1,1,2,2,1,37,19,13,5
25,1,3,8,12,4,4,4,0.874646615630039,0.508997838434122,1.71837000000009,26,11,9,1,2,2,2,2,24,11,4,9
30,0,4,5,9,4,2,2,0.19592275110669,0.181240461334022,1.08100999999991,16,4,9,2,2,2,1,2,16,8,4,4
18,0,1,7,12,4,4,4,0.152820669532371,0.15355882681286,0.995193000000047,26,NaN,6,0,1,2,1,2,35,16,13,6
18,0,2,6,11,4,3,3,0.988111029234998,0.580763506074412,1.70139999999999,19,11,4,0,2,0,1,1,22,13,6,3
48,0,4,3,8,3,2,2,0.363706152585501,0.254327517244261,1.43007000000022,15,9,5,0,2,1,0,2,50,27,13,10
26,0,3,6,8,4,1,1,-0.0711557079217705,-0.131507788040443,0.541076000000087,27,7,6,1,2,1,1,1,18,10,4,4
28,0,4,0,4,0,3,3,1.30324804179667,0.853765905518405,1.52647000000024,16,7,8,2,2,2,0,2,37,22,10,5
23,1,2,7,11,4,3,3,1.088809658614,0.59571364560277,1.8277400000003,26,6,4,1,1,1,0,1,40,25,9,6
20,1,4,3,10,4,2,2,0.955652028106667,0.784762209389926,1.21776,15,5,7,2,1,2,0,2,35,16,10,9
26,1,4,4,10,4,4,4,0.954076122168666,0.583286638769365,1.63568999999961,19,14,10,2,2,2,2,2,15,7,5,3
20,1,2,0,6,1,2,2,0.806441054569635,0.551574859322489,1.46206999999971,16,6,7,0,1,2,2,2,30,13,8,9
20,1,2,1,8,2,2,2,2.4769271048,1.26516485670068,1.9577900000003,25,4,10,2,2,2,2,2,23,10,4,9
26,1,4,2,10,3,3,3,0.610729518903999,0.508856456343945,1.2001999999999,13,10,5,0,0,2,1,2,32,16,6,10
26,1,4,8,11,4,3,3,1.68969518783333,0.860732410553432,1.96308999999994,24,12,6,0,1,2,1,2,22,14,5,3
36,1,5,2,10,3,3,3,2.00027128666666,1.06011706698324,1.88683999999959,17,5,9,2,2,2,1,2,14,7,4,3
23,1,5,0,9,4,3,3,0.921065848735333,0.926633992395643,0.993990999999975,24,14,9,2,2,2,1,2,30,12,12,6
27,0,4,3,7,3,1,1,1.13722608589667,0.648738768209943,1.75297999999982,-15,NaN,NaN,NaN,NaN,NaN,NaN,NaN,NaN,NaN,NaN,NaN
23,0,5,2,8,3,2,2,0.18739083929388,0.103856189995111,1.80433000000027,16,12,9,1,2,2,2,2,24,12,7,5
20,0,2,5,12,4,4,4,1.47769446284034,0.782515509423548,1.88839000000007,26,10,5,0,0,2,1,2,38,17,13,8
23,0,4,6,11,4,3,3,0.932191774280059,0.539494053058661,1.72789999999998,25,13,8,1,1,2,2,2,35,21,11,3
18,0,7,6,11,4,3,3,1.09819255698267,0.51836500893653,2.11856999999986,16,11,7,1,1,2,1,2,23,11,6,6
19,0,2,6,6,3,0,0,1.222506090156,0.690197878410602,1.7712399999999,17,11,3,0,2,1,0,0,20,12,4,4
21,1,3,0,10,4,2,2,1.25492585863667,0.859202817144447,1.46056999999976,21,6,6,0,2,2,1,1,24,13,6,5
33,0,4,4,9,3,2,2,-0.00115779935414001,-0.00095002039380985,1.21870999999979,23,12,5,2,0,1,1,1,30,15,9,6
62,0,3,2,7,1,2,2,1.50412815653033,1.01177715659035,1.48661999999978,14,13,7,1,1,2,1,2,26,18,5,3
20,0,2,2,3,1,1,1,0.717506688162227,0.524175162848735,1.36882999999985,17,2,4,0,1,1,0,2,44,24,12,8
22,1,5,6,11,4,4,4,0.566411277225484,0.447699324374376,1.26516000000025,21,12,6,0,1,2,1,2,15,7,5,3
23,1,4,5,11,4,3,3,0.570544655416466,0.457068306869879,1.24827000000005,17,15,5,0,1,2,2,0,23,11,9,3
29,0,5,6,11,4,3,3,1.96432170063334,1.43366495440856,1.37014000000036,14,9,6,1,0,2,1,2,25,11,7,7
31,1,6,1,9,1,4,4,1.41423329653333,1.08293193091003,1.3059300000003,18,12,7,0,2,2,1,2,21,9,9,3
43,1,3,5,8,4,4,4,0.784968818889535,0.652108278273993,1.20374000000022,24,7,8,0,2,2,2,2,32,15,11,6
29,1,4,8,11,4,3,3,1.101336775302,0.934809763951655,1.17813999999999,11,13,8,1,2,2,1,2,29,10,13,6
18,0,2,6,11,4,3,3,1.4196826628,0.80787723371081,1.75729999999983,15,14,9,2,1,2,2,2,20,13,4,3
62,1,3,6,9,4,2,2,0.670218500542227,0.557474797496529,1.20224000000006,18,8,6,1,2,1,2,0,28,14,8,6
35,0,4,5,10,3,4,4,0.447752524322713,0.371625118747322,1.20485000000007,14,6,10,2,2,2,2,2,17,7,7,3
52,0,4,4,11,4,3,3,0.66747241365205,0.695103471757902,0.960248999999895,18,10,8,1,1,2,2,2,17,8,6,3
32,0,4,7,8,4,1,1,1.03452208409034,0.878097750768434,1.17813999999999,21,10,6,0,1,2,1,2,27,14,7,6
21,0,2,7,11,4,3,3,0.826944921388132,0.55940046228912,1.47826999999973,17,9,7,0,2,2,1,2,20,11,6,3
20,0,3,4,11,4,4,4,1.1491649247845,0.783466340860865,1.4667700000004,18,9,5,1,0,2,1,1,28,15,7,6
30,1,4,6,8,4,2,2,1.20005042707333,0.850701393016978,1.41065999999968,20,4,2,0,0,0,1,1,48,28,14,6
20,1,3,4,11,4,3,3,0.720327384659635,0.674539634284404,1.06787999999998,17,10,9,1,2,2,2,2,26,12,8,6
40,1,4,3,9,4,4,4,1.62160947526667,0.597508972260606,2.71395000000033,22,6,8,1,1,2,2,2,25,11,8,6
48,0,4,3,9,4,2,2,0.505548582724159,0.430635270983817,1.17396000000007,12,4,9,1,2,2,2,2,16,9,4,3
19,0,3,3,9,4,3,3,0.843071855143965,0.648078112619124,1.30088000000015,15,5,5,0,0,2,1,2,26,13,5,8
20,0,3,2,6,2,1,1,0.575866710495906,0.470968006424891,1.22272999999996,24,8,3,1,0,1,0,1,35,19,10,6
29,0,2,0,6,0,3,3,0.707105802934666,0.576894863332004,1.22571000000013,14,5,5,1,0,2,1,1,38,18,11,9
30,0,5,6,9,3,2,2,1.1425469500603,0.761423854119391,1.50053999999959,18,12,4,0,0,2,1,1,42,25,13,4
19,0,2,7,11,4,3,3,2.0099145534,1.07488959366376,1.86987999999994,17,6,6,0,1,2,1,2,25,16,6,3
28,0,4,2,7,3,1,1,1.016759266339,0.696978541646278,1.45881000000008,21,3,7,1,1,2,2,1,31,19,9,3
18,0,2,6,8,3,2,2,0.742722871896467,0.665540177510568,1.11597000000011,25,7,4,0,0,2,1,1,42,19,14,9
57,0,4,2,7,1,2,2,1.25806286629367,0.819403432655737,1.53534000000025,22,2,8,1,2,2,1,2,18,8,4,6
30,0,5,0,7,0,3,3,0.983196620217669,0.85155476854786,1.15459000000009,17,5,8,1,2,2,1,2,16,9,4,3
23,0,3,6,12,4,4,4,0.300450901051348,0.294438467544096,1.02042000000005,17,9,6,2,0,2,0,2,31,15,10,6
30,0,5,4,11,4,3,3,1.11625571292733,0.781035343497994,1.4292000000001,24,10,4,0,2,1,1,0,46,27,13,6
33,0,5,4,8,2,2,2,0.7773213819171,0.612469177973699,1.26915999999986,23,7,5,1,0,2,1,1,36,16,9,11
32,1,4,8,10,4,2,2,0.928147272383666,0.736087358740973,1.26092000000015,14,10,7,1,0,2,2,2,20,13,4,3
21,0,2,7,11,4,4,4,1.4650196858,0.920938455610107,1.59079000000017,20,1,7,2,0,2,2,1,38,18,8,12
27,1,5,4,8,2,2,2,1.42451660514667,1.25335803226109,1.13656000000018,12,15,8,1,2,2,1,2,25,10,5,10
39,0,2,7,10,4,2,2,1.02252300804056,0.71257945032654,1.43496000000011,15,10,6,1,0,2,1,2,30,8,16,6
26,1,5,5,10,4,3,3,0.708057041193284,0.756475238856271,0.935994999999868,26,9,5,0,0,2,1,2,37,20,7,10
22,1,4,4,11,4,3,3,0.9445160168025,0.497118925884748,1.89997999999987,23,9,8,1,1,2,2,2,30,15,10,5
18,0,2,1,8,1,3,3,0.292085416935753,0.191040353279276,1.52892000000026,20,2,5,2,0,2,1,0,37,22,12,3
24,0,5,3,11,4,3,3,0.798853116241665,0.506796455097865,1.57627999999976,NaN,10,5,0,0,2,1,2,32,15,8,9
63,1,1,3,9,3,2,2,0.953334415110001,0.536675588481004,1.77636999999969,17,9,8,1,2,2,1,2,30,10,10,10
19,0,4,4,11,3,4,4,1.061878477721,0.729257046322738,1.45610999999968,22,5,5,2,1,1,1,0,44,24,11,9
19,1,2,4,10,3,3,3,0.3452433557744,0.256402465502454,1.34648999999991,27,9,6,0,1,2,1,2,35,16,11,8
26,1,4,4,9,3,2,2,0.825917670625168,0.824409002151236,1.00182999999995,27,7,7,1,1,2,1,2,29,11,10,8
23,1,2,0,6,1,1,1,0.784550865395801,0.890691953407509,0.880833000000059,20,NaN,5,2,0,1,2,0,36,15,12,9
20,0,2,8,11,4,3,3,1.18824192041367,0.707488997102543,1.67951999999982,17,8,5,0,1,2,1,1,39,20,11,8
58,0,5,0,6,1,3,3,0.458085816641237,0.448242413246346,1.02196000000003,17,9,9,2,2,2,2,1,21,13,5,3
30,1,5,4,8,2,3,3,1.20831032113,0.902033773631247,1.3395400000003,20,11,7,1,1,2,1,2,16,7,5,4
27,1,5,5,10,4,2,2,0.551880053564466,0.429341652519015,1.28541000000027,25,NaN,9,2,1,2,2,2,22,7,7,8
30,0,6,4,10,4,3,3,0.622555407334288,0.442077335227611,1.40825000000028,19,5,6,1,1,2,1,1,29,13,11,5
37,0,4,6,12,4,4,4,1.1651660744434,0.786169487776233,1.48207999999986,18,6,10,2,2,2,2,2,16,9,4,3
58,0,2,4,11,4,3,3,1.33440834429333,0.953114777538893,1.40005000000016,16,10,7,0,1,2,2,2,34,17,5,12
33,1,5,4,12,4,4,4,1.22412850138666,1.43642829394718,0.852203000000165,14,10,8,1,1,2,2,2,25,14,8,3
37,1,1,6,11,4,3,3,1.0875620968,0.459003164007769,2.36939999999966,22,12,3,0,0,0,2,1,46,24,15,7
23,1,4,1,5,1,0,0,1.45352124643334,0.855445252559138,1.69914000000027,23,8,7,0,1,2,2,2,40,20,12,8
23,0,4,6,9,4,2,2,1.6502423384,0.901983711145243,1.82957000000008,20,13,6,0,1,2,1,2,24,15,6,3
20,1,3,5,11,4,3,3,0.677393143268767,0.738494719359099,0.917262000000044,13,9,7,1,1,2,2,1,31,19,8,4
27,1,5,4,7,2,1,1,1.08321346369867,1.03662742712373,1.0449399999999,26,8,4,1,1,1,1,0,50,27,11,12
20,0,2,2,7,2,2,2,0.937225653684332,0.52919209151878,1.77104999999971,26,4,4,0,2,1,0,1,52,28,14,10
29,0,4,4,9,3,3,3,0.911784786524399,0.640788796567879,1.42290999999974,20,9,8,1,2,2,1,2,29,9,8,12
20,0,2,4,11,4,3,3,1.51914671196667,1.21404505036055,1.25130999999979,13,9,6,0,1,2,1,2,30,14,13,3
43,1,5,2,9,3,2,2,1.47005092679333,1.23377137144744,1.19151000000008,23,5,7,1,1,2,1,2,30,10,8,12
25,0,4,6,10,4,3,3,1.10172021143393,0.958134217586422,1.14986000000002,24,12,8,1,2,2,1,2,18,9,6,3
19,0,3,4,11,3,4,4,1.51662296535333,1.1981063833419,1.26584999999981,19,7,7,1,0,2,2,2,27,10,14,3
33,0,4,7,11,4,3,3,0.828647903882331,0.765919127352188,1.08189999999988,23,9,7,0,1,2,2,2,28,15,10,3
44,0,5,4,12,4,4,4,0.933317181744332,0.811333230533611,1.1503499999999,24,8,2,1,0,1,0,0,41,19,16,6
20,0,2,1,6,2,2,2,1.18425866072667,0.681497505784365,1.73773000000033,20,6,4,2,1,1,0,0,36,16,8,12
20,0,3,2,9,4,2,2,0.776958442524421,0.631052738789015,1.23120999999993,18,9,9,2,2,2,2,1,38,19,10,9
24,0,5,7,10,4,2,2,0.819982692274502,0.737182368629974,1.11232000000014,19,15,4,1,1,1,1,0,40,21,10,9
26,0,3,3,7,3,2,2,1.83703723916667,1.559269050509,1.17813999999999,18,5,6,1,2,2,0,1,27,17,4,6
47,1,4,0,5,2,2,2,0.53663733227443,0.441982384755249,1.21416,17,3,5,0,0,1,2,2,42,22,13,7
24,1,4,3,8,4,1,1,0.874243348515466,0.872681249079606,1.00179000000012,21,4,5,0,0,2,1,2,17,7,4,6
24,1,2,4,11,4,3,3,0.365630274483303,0.237442299988508,1.53987000000015,20,11,8,1,1,2,2,2,33,18,8,7
22,1,2,8,10,4,2,2,0.703862789118298,0.482375331778765,1.45916000000023,29,3,8,2,1,2,2,1,32,16,10,6
23,0,4,5,9,4,3,3,1.34886875114733,0.861539137832423,1.5656500000001,24,5,4,2,0,1,1,0,37,20,13,4
22,0,3,5,10,4,2,2,1.13762834186533,0.970291815384179,1.17245999999981,-15,NaN,NaN,NaN,NaN,NaN,NaN,NaN,NaN,NaN,NaN,NaN
33,0,5,4,8,3,2,2,1.345593887,1.18855068499201,1.13212999999996,20,7,5,1,0,2,1,1,28,12,6,10
18,0,3,4,11,4,3,3,0.732495385342633,0.565956906141451,1.29426000000012,22,7,7,2,0,2,1,2,35,19,13,3
26,0,5,6,10,4,2,2,0.706114490390765,0.64444144418251,1.09569999999989,20,12,8,2,1,2,1,2,31,14,8,9
31,0,4,5,9,3,3,3,0.946354348308999,0.564883125098639,1.67531000000016,13,4,7,2,0,1,2,2,38,21,7,10
25,0,5,3,11,4,3,3,0.6692026293975,0.471624836600468,1.41892999999985,17,12,7,0,1,2,2,2,16,7,4,5
22,1,4,3,11,3,4,4,0.7097548267931,0.742967712442412,0.955297000000234,24,15,6,1,0,2,2,1,31,11,8,12
23,0,2,4,9,2,3,3,0.844490462081332,0.822577010521053,1.02664000000004,17,8,2,0,0,1,1,0,42,20,14,8
21,0,3,3,10,3,3,3,0.686627218277331,0.50720385468316,1.35375000000018,18,2,8,1,2,2,1,2,25,14,8,3
26,0,5,6,11,4,3,3,0.468786152507886,0.386086437578558,1.2142000000002,18,12,7,0,1,2,2,2,32,16,10,6
37,1,2,4,9,4,2,2,1.0778914310552,0.898033318105112,1.20027999999973,21,2,3,0,0,2,0,1,23,12,6,5
25,0,4,3,10,3,3,3,1.59250973975,1.05937079397443,1.50325999999987,24,9,7,1,1,2,1,2,27,15,6,6
31,1,2,0,9,2,3,3,1.1858975694,0.523517302461096,2.2652500000003,19,9,5,0,1,2,1,1,34,13,13,8
21,1,2,4,11,4,3,3,1.50042683112,1.31166510575132,1.14391000000008,21,3,5,1,0,2,1,1,23,10,4,9
37,0,3,6,11,4,4,4,0.890013009371667,0.68791680917286,1.29377999999997,21,14,5,0,0,2,1,2,41,19,16,6
28,0,4,6,12,4,4,4,0.857644208933866,0.56875598266091,1.50792999999985,18,NaN,10,2,2,2,2,2,20,8,7,5
25,1,3,8,11,4,3,3,1.071620685858,0.901954100090056,1.18810999999977,20,9,6,1,0,2,1,2,43,17,14,12
57,0,2,1,9,3,4,4,1.073228319838,0.890261729243812,1.20551999999999,14,6,8,1,2,2,1,2,20,9,5,6
32,0,5,7,10,4,3,3,1.83040918453334,1.01767986641536,1.79861000000001,22,7,6,2,0,2,1,1,32,16,9,7
22,1,4,7,11,4,3,3,0.638191425172913,0.522491014845523,1.22143999999984,15,8,5,0,0,2,1,2,31,18,7,6
28,0,4,4,9,3,3,3,0.447818331713617,0.294830687809346,1.51889999999961,28,7,5,1,1,1,2,0,37,20,10,7
18,1,2,0,6,1,1,1,0.821972370828333,0.78702077807407,1.04441000000025,23,5,5,2,2,0,0,1,35,17,9,9
27,1,3,0,4,0,3,3,0.0492026511856065,0.0373004504511494,1.31909000000031,14,4,7,1,2,2,0,2,30,17,7,6
24,0,4,1,10,2,4,4,0.701935032776533,0.710113408906917,0.988482999999921,20,11,6,1,1,1,1,2,25,16,6,3
57,1,5,0,6,0,2,2,0.516255547802134,0.297527906983335,1.73515000000032,16,3,9,1,2,2,2,2,17,10,4,3
21,1,3,8,11,4,3,3,1.89729679933334,1.59380453901424,1.1904200000002,19,10,7,2,1,2,1,1,19,8,5,6
20,1,4,2,8,3,2,2,1.14170574442333,0.568453996347085,2.00844000000003,19,7,10,2,2,2,2,2,27,12,6,9
25,1,4,3,11,3,4,4,0.910501141329332,0.715229251173851,1.27302000000009,22,11,2,1,0,0,1,0,50,28,16,6
28,1,3,5,10,4,2,2,0.456546509241445,0.510224128451005,0.89479599999987,21,5,7,0,2,2,1,2,32,16,13,3
25,1,5,8,11,4,3,3,1.34552254460801,0.968099337061282,1.38985999999982,26,14,8,1,2,2,1,2,26,10,10,6
63,0,5,5,11,4,3,3,0.308043595585766,0.3870035410659,0.795970999999788,22,13,7,0,2,2,2,1,17,10,4,3
21,0,4,4,11,4,3,3,0.921930383086667,0.913453534288468,1.00928000000017,14,4,9,2,2,2,1,2,23,11,9,3
24,0,4,3,8,2,3,3,0.928269877562332,1.14196315971313,0.812872000000199,15,6,9,2,2,2,2,1,26,18,5,3
28,0,5,2,9,3,3,3,1.579745712971,0.81245086605312,1.94441999999983,10,8,4,0,2,1,0,1,28,17,8,3
25,1,4,4,10,4,3,3,1.15905662755233,0.585382135127442,1.97999999999966,22,7,4,0,1,2,0,1,39,21,12,6
20,0,2,3,10,3,4,4,0.760967371635068,0.821566973140916,0.926239000000162,20,7,7,2,0,2,1,2,43,19,14,10
18,0,2,0,6,0,3,3,1.36325329593,1.26937064316175,1.07395999999985,16,9,4,1,1,1,0,1,40,22,11,7
30,1,4,3,4,2,1,1,0.52672239804049,0.430174118813899,1.22443999999996,21,5,5,0,1,2,1,1,29,18,8,3
46,1,4,7,11,4,3,3,0.311438838678704,0.288150514126961,1.08081999999988,18,4,4,1,0,2,0,1,52,24,16,12
28,0,4,3,10,3,3,3,1.19267634150333,1.19918431477964,0.994572999999949,25,5,9,2,2,2,1,2,23,14,6,3
34,1,4,0,6,1,1,1,0.41163973350272,0.277073464162781,1.48567000000003,14,8,9,1,2,2,2,2,25,18,4,3
18,0,2,5,10,3,4,4,1.27451236092666,0.637913231091356,1.99793999999997,28,9,9,1,2,2,2,2,32,16,7,9
27,0,3,3,9,4,2,2,1.26733561403334,1.05398747029602,1.20241999999977,18,8,8,1,2,2,2,1,20,9,4,7
25,0,2,3,8,2,2,2,0.530367808044627,0.361145745892007,1.4685700000004,NaN,8,8,1,2,2,1,2,40,20,12,8
41,0,4,2,6,3,3,3,0.388962197609797,0.21946623198526,1.7723100000002,16,7,9,2,2,2,1,2,22,12,7,3
22,1,5,5,10,4,2,2,1.631677499,0.69741729312703,2.33959999999959,20,8,9,2,1,2,2,2,25,12,9,4
19,0,2,5,11,4,3,3,1.5543930944,1.13176820957901,1.3734199999999,17,7,7,1,1,1,2,2,38,18,10,10
24,1,4,5,9,4,2,2,1.77678226278333,0.92516168246108,1.92050999999993,24,6,7,1,1,2,1,2,24,13,8,3
20,0,3,4,9,3,2,2,0.744902403340135,0.637518745797936,1.16843999999995,20,8,3,1,1,0,1,0,42,19,14,9
26,1,4,5,9,4,2,2,1.52948939216667,1.03485121054863,1.47797999999976,22,1,8,2,0,2,2,2,43,19,15,9
20,0,2,0,6,2,2,2,0.909660817875818,0.675313520122798,1.34701999999977,13,12,5,2,0,1,1,1,38,16,16,6
28,0,2,6,10,4,3,3,0.214145094464053,0.199484945797401,1.07349000000011,20,4,9,2,1,2,2,2,14,7,4,3
33,0,3,4,12,4,4,4,0.600458050034575,0.707831068274316,0.84830700000015,20,5,6,1,1,2,2,0,30,11,14,5
22,0,2,4,10,4,2,2,1.4692841611,0.7322184375218,2.00662000000011,15,9,5,1,0,1,1,2,29,12,13,4
19,0,3,3,8,2,4,4,0.875761523459066,0.665502624328668,1.31594000000027,22,7,9,1,2,2,2,2,14,7,4,3
23,1,3,6,11,4,3,3,0.922667646607134,1.1903361577217,0.775131999999939,16,12,3,1,0,1,1,0,35,14,12,9
33,0,2,6,11,4,3,3,1.06942848053832,0.764937470879865,1.39805999999993,23,11,6,2,1,1,2,0,26,19,4,3
25,0,3,8,9,4,2,2,1.31702911806333,0.897213806066668,1.4679099999998,22,9,7,1,1,2,1,2,46,21,13,12
64,0,4,8,10,4,3,3,1.001073154134,0.602849114541389,1.66057000000001,15,6,7,2,1,2,1,1,17,10,4,3
19,0,2,3,9,2,3,3,0.755280964395433,0.675491865269767,1.11811999999984,29,8,5,0,1,2,1,1,44,23,13,8
19,0,2,3,10,4,3,3,0.912346162135934,0.922095477620817,0.989427000000245,23,7,10,2,2,2,2,2,30,17,8,5
36,1,4,6,7,3,1,1,2.1635482483,1.12194537842449,1.92838999999978,23,5,7,1,2,2,1,1,43,18,16,9
19,0,1,6,10,4,3,3,1.39349941742,0.756621139476799,1.84173999999987,17,NaN,8,2,0,2,2,2,24,13,7,4
30,0,3,2,9,2,3,3,1.25282635096667,0.644060431300982,1.94519999999982,8,5,7,0,2,2,1,2,21,14,4,3
23,0,4,2,3,2,1,1,0.746408248894267,0.557682809374008,1.33841000000018,15,10,7,2,1,1,2,1,27,18,6,3
21,1,3,2,10,4,3,3,0.477788852273978,0.559131923659948,0.85451900000022,11,7,10,2,2,2,2,2,14,7,4,3
50,1,5,2,8,4,2,2,0.369604756709413,0.249663780107816,1.4804100000001,20,3,8,0,2,2,2,2,23,10,10,3
43,0,4,6,11,4,3,3,1.06316846320767,0.801616900811045,1.32627999999984,18,11,9,2,1,2,2,2,17,9,5,3
19,0,2,4,11,4,3,3,0.775794383295567,0.436759680954574,1.77625000000025,20,7,7,0,2,1,2,2,34,17,10,7
21,1,4,1,6,2,2,2,0.604006952551699,0.857541740863106,0.704346999999921,18,6,5,0,1,2,0,2,36,17,12,7
18,0,2,5,10,3,4,4,0.204909848954488,0.141433209982321,1.44880999999989,23,15,6,0,2,2,1,1,31,16,9,6
22,1,4,3,10,3,4,4,1.16115871335466,0.721185236265916,1.61007000000026,21,14,6,1,1,2,0,2,27,13,8,6
27,1,4,5,5,3,1,1,0.20349288019248,0.209857220106653,0.969672999999786,16,4,9,2,2,2,1,2,16,9,4,3
48,1,3,1,5,1,2,2,0.834108127400507,0.594034873588468,1.40414000000015,29,3,5,1,1,1,0,2,47,22,16,9
24,1,4,7,10,4,3,3,1.78262639546667,1.22958407169824,1.44978000000032,18,9,5,0,1,1,1,2,34,18,8,8
30,1,4,4,10,4,2,2,1.61532987186333,1.11794497364081,1.44491000000014,19,NaN,8,1,2,2,2,1,31,12,8,11
20,0,3,6,9,3,3,3,1.31517112530666,0.918787724991037,1.43142000000029,18,13,7,1,1,2,1,2,31,16,9,6
24,0,3,4,10,3,3,3,0.824558608211136,0.623866873632342,1.32169000000021,27,4,6,0,1,2,1,2,23,13,7,3
30,1,4,5,9,3,3,3,0.751904126789155,0.589128047315802,1.27629999999998,17,5,6,0,1,2,1,2,29,11,14,4
32,0,5,1,5,3,1,1,1.394738273227,0.838844446786234,1.66268999999967,18,6,6,1,0,2,1,2,32,17,6,9
40,0,3,6,9,4,2,2,0.84918034661881,0.673888476191802,1.26012000000024,17,12,7,2,2,2,1,0,38,18,14,6
19,0,2,1,8,2,3,3,1.26242160407333,0.928818031646761,1.35916999999983,22,11,0,0,0,0,0,0,48,24,15,9
24,1,7,0,6,1,1,1,0.34103685163509,0.245334368015805,1.39009000000027,13,4,9,1,2,2,2,2,14,7,4,3
59,1,1,6,10,4,3,3,0.867120763271865,0.486016099225322,1.78413999999983,19,10,6,1,1,1,2,1,20,7,4,9
26,0,2,0,5,0,1,1,1.5392376745,1.13390179856645,1.35747000000029,23,7,8,1,2,2,1,2,40,20,12,8
23,0,4,4,10,3,4,4,1.27332078004833,1.10437369256044,1.15298000000014,18,11,10,2,2,2,2,2,15,7,5,3
19,0,4,6,10,4,3,3,1.06666408351937,0.719008900128997,1.48351999999987,17,4,5,1,0,1,2,1,41,19,16,6
21,0,5,3,10,4,3,3,1.13203704219,0.913891210293049,1.23869999999991,20,3,7,1,1,2,1,2,19,11,5,3
29,0,6,6,11,4,3,3,0.512322430443533,0.406953921173332,1.25892000000018,20,4,7,1,1,2,1,2,18,7,5,6
23,0,5,4,9,3,2,2,1.02548257878367,0.958609948758288,1.06976000000017,20,10,8,2,1,2,1,2,14,7,4,3
22,1,2,7,9,4,2,2,0.721061290059667,0.939958924366026,0.76712000000019,20,6,5,0,0,1,2,2,37,13,12,12
33,0,4,5,10,4,2,2,0.772683848647024,0.772745668300488,0.999920000000156,18,9,5,0,0,2,1,2,32,17,9,6
22,1,4,3,10,3,3,3,-0.445807057427237,-0.301937065220377,1.47648999999961,14,9,6,1,1,1,2,1,34,22,7,5
18,0,2,1,7,1,3,3,0.445671350434905,0.317567711352443,1.40338999999989,18,5,1,0,0,0,1,0,44,24,11,9
26,0,3,8,10,4,3,3,0.671346256471633,0.400180170880973,1.67761000000024,25,14,9,1,2,2,2,2,17,7,4,6
18,0,1,2,7,1,3,3,1.29978433458667,0.744785256871307,1.74518000000001,26,6,9,1,2,2,2,2,24,16,5,3
19,1,2,8,11,4,3,3,1.30394215867,1.05392057957696,1.23723000000015,24,11,3,0,1,1,1,0,51,25,14,12
49,1,4,1,5,1,2,2,1.04458989966667,0.659584077682574,1.58371000000034,13,2,8,1,2,2,1,2,20,10,4,6
25,0,4,4,11,4,3,3,1.40680968744333,1.02522951445742,1.37219000000004,27,7,6,0,1,2,1,2,26,14,6,6
39,1,3,6,9,4,2,2,0.771608900602114,0.541403943728683,1.42519999999978,15,10,3,0,0,1,2,0,53,28,16,9
69,1,2,0,5,0,2,2,-0.39541969123526,-0.247793961018735,1.59576000000013,14,5,5,0,1,2,0,2,24,11,10,3
20,1,2,1,11,4,3,3,0.9660186734705,0.708276760371361,1.36390000000018,28,15,7,1,1,2,1,2,31,17,8,6
20,0,3,3,10,4,3,3,0.959113731463997,0.777958350067323,1.23286000000007,14,6,7,2,1,1,1,2,32,14,9,9
41,1,4,3,10,3,4,4,0.787308808107834,0.456442655783493,1.72487999999993,9,NaN,7,1,2,1,2,1,27,7,14,6
38,1,5,5,11,4,3,3,1.30588711771367,1.10148461728423,1.18556999999979,27,10,8,0,2,2,2,2,35,13,16,6
23,0,4,6,11,4,3,3,1.06978185288467,0.853701473042803,1.25310999999979,16,12,6,2,2,1,1,0,38,18,12,8
22,0,2,0,8,1,3,3,1.376807963,0.827348967021613,1.66411999999983,18,0,4,0,0,1,2,1,48,20,16,12
35,0,5,5,12,4,4,4,0.775285019105216,0.587212575442496,1.32027999999992,21,15,9,2,2,2,1,2,15,8,4,3
26,1,4,0,6,1,3,3,0.473091356043724,0.402610382485767,1.17505999999973,30,9,6,1,2,0,2,1,48,24,13,11
22,0,3,6,11,4,3,3,0.62217685167684,0.375597254257071,1.65649999999961,17,15,8,0,2,2,2,2,27,9,12,6
21,1,3,8,11,4,3,3,1.16397049170423,0.57447116303956,2.02616000000007,18,3,7,0,1,2,2,2,14,7,4,3
30,0,5,4,10,4,2,2,1.45611171589667,0.717466058918692,2.02952000000005,16,10,7,1,1,2,1,2,22,8,8,6
32,0,6,1,11,3,4,4,0.528947623588984,0.40276222004796,1.31329999999983,23,11,6,0,2,1,1,2,33,18,9,6
55,1,2,4,9,2,3,3,0.612517099000765,0.367913492588338,1.66483999999983,18,9,10,2,2,2,2,2,17,10,4,3
26,0,4,6,10,4,2,2,1.22482359644966,0.650415580599245,1.88314000000015,20,6,6,0,1,1,2,2,16,8,5,3
27,1,5,4,11,4,4,4,0.400549324646081,0.320914413048176,1.2481499999999,18,2,6,1,1,2,1,1,20,13,4,3
27,1,4,6,10,3,3,3,0.225074011924542,0.218660693776088,1.02932999999997,19,5,7,0,2,2,1,2,42,25,11,6
19,0,3,7,11,4,4,4,0.712451482175669,0.939864969705487,0.758036000000117,25,8,3,0,0,1,1,1,41,16,16,9
26,0,4,0,8,2,3,3,0.349062489115797,0.216839976590319,1.60976999999958,NaN,7,6,1,1,2,1,1,36,19,8,9
20,0,2,1,5,3,2,2,1.38264571661834,0.986934377828145,1.40094999999978,20,6,6,1,1,1,1,2,36,17,9,10
44,0,3,2,6,2,1,1,1.35035396774,1.13531412022767,1.18941000000024,21,7,7,1,2,2,1,1,34,13,12,9
38,1,3,6,10,4,3,3,2.12911917866667,0.907614832497811,2.3458400000005,21,9,4,1,0,2,1,0,56,28,16,12
23,1,3,6,11,4,3,3,1.07161511619447,0.621254966140154,1.72492000000024,19,7,4,1,2,0,1,0,45,23,16,6
26,0,1,2,5,2,0,0,1.96329625153334,0.879510563972534,2.23226000000041,20,6,6,1,2,1,1,1,42,23,13,6
40,0,4,0,6,1,1,1,1.9640199797,1.43573959552617,1.36794999999986,24,3,9,1,2,2,2,2,28,16,6,6
23,1,4,6,12,4,4,4,1.7757929979,0.890581602481475,1.99396999999982,16,12,7,1,0,2,2,2,18,7,8,3
19,0,2,3,10,4,3,3,1.35163403374333,1.40867112770408,0.959509999999972,21,4,8,1,2,2,1,2,27,15,6,6
28,1,3,7,11,4,3,3,1.024167889435,0.569672097003591,1.7978199999998,16,9,10,2,2,2,2,2,18,8,7,3
21,0,2,6,9,3,2,2,-0.124252291321957,-0.109907203164878,1.13052000000009,17,11,8,2,1,2,1,2,24,13,8,3
24,1,4,6,12,4,4,4,1.21732634591,0.591161827064745,2.05920999999972,20,6,7,1,1,2,1,2,29,16,6,7
35,1,5,5,10,4,4,4,0.444018438444481,0.365327002175811,1.21539999999975,18,10,8,1,1,2,2,2,40,17,13,10
31,0,4,3,11,4,4,4,0.881029038449567,0.694259380033067,1.26901999999984,25,4,4,1,1,1,0,1,25,12,8,5
36,1,4,5,12,4,4,4,2.28505303766667,1.51962029504999,1.50369999999976,15,13,9,1,2,2,2,2,14,7,4,3
31,1,3,1,7,2,2,2,0.45067164235398,0.26048727673615,1.73011000000032,22,7,7,1,0,2,2,2,28,13,10,5
23,0,5,2,12,4,4,4,0.7248538829655,0.679427369069519,1.06686000000013,15,6,5,1,0,2,1,1,32,10,13,9
21,0,3,5,11,4,3,3,0.760340855474234,0.851902482377708,0.892520999999917,28,11,8,0,2,2,2,2,38,20,12,6
21,0,3,3,10,2,4,4,1.01729722016667,0.76176361538557,1.33545000000007,20,8,7,1,2,2,1,1,23,13,4,6
22,0,2,8,11,4,3,3,0.672051325697199,0.395382453712128,1.69974999999985,24,9,8,1,2,2,1,2,25,15,5,5
18,1,2,4,6,2,0,0,1.23707498589167,0.754847932617994,1.63883999999973,24,2,8,1,1,2,2,2,25,10,5,10
27,0,4,2,8,2,3,3,0.629667330837875,0.467375768859207,1.3472399999997,22,5,7,2,0,2,1,2,37,13,16,8
20,1,2,2,10,3,3,3,2.08898456856666,0.920987817902596,2.26819999999985,20,9,6,1,1,1,1,2,14,7,4,3
32,0,4,2,10,3,3,3,0.695884636483841,0.441394324658647,1.57655999999987,15,9,8,2,1,2,2,1,30,13,8,9
25,0,5,0,3,1,1,1,1.05625159266067,0.763562727829186,1.38332000000029,22,4,8,0,2,2,2,2,23,13,6,4
37,1,3,4,11,3,4,4,0.894989243787335,0.565357533740143,1.58304999999972,22,7,6,1,1,1,1,2,45,20,13,12
27,1,4,7,8,4,1,1,1.49051545326667,1.17752840359193,1.26579999999978,21,10,5,0,0,2,2,1,33,16,8,9
19,0,2,7,10,4,3,3,0.660060185729301,0.508086448206312,1.29910999999994,18,8,6,0,2,1,2,1,35,16,10,9
55,0,2,5,12,4,4,4,0.780685723522444,0.667224241290919,1.17005000000011,15,10,8,1,2,2,1,2,22,11,5,6
27,0,5,5,11,4,3,3,0.724105984398467,0.431238786989966,1.67913000000033,22,13,3,0,1,1,1,0,32,19,8,5
21,1,4,4,8,3,2,2,1.04649828096022,0.940174002964919,1.11309000000011,23,9,3,0,1,1,1,0,32,19,4,9
21,1,3,4,11,4,4,4,1.64970846236667,1.02010800361532,1.61719000000039,12,10,4,0,0,1,2,1,30,16,11,3
20,0,3,1,4,4,0,0,-0.177886944990493,-0.193592525833813,0.918872999999912,16,1,5,1,2,2,0,0,39,21,10,8
36,0,5,0,6,1,1,1,0.528697835868766,0.415169685396962,1.27345000000013,15,3,8,2,2,2,1,1,27,15,7,5
42,0,3,6,9,4,2,2,0.492898028956105,0.448741832625733,1.09840000000012,22,8,10,2,2,2,2,2,31,14,8,9
26,1,4,6,12,4,4,4,1.08088631307767,0.71164314886011,1.51886000000011,15,14,5,0,1,1,1,2,33,16,10,7
43,0,3,3,10,4,2,2,0.899470069592668,0.820504697504803,1.09624000000012,20,9,8,1,2,1,2,2,20,12,5,3
